{"cameraMode":{"drawMode":0,"name":"Shaded","section":"Shading Mode"},"sceneLighting":true,"audioPlay":false,"sceneViewState":{"showFog":true,"showMaterialUpdate":false,"showSkybox":true,"showFlares":true,"showImageEffects":true,"showParticleSystems":true},"in2DMode":false,"pivot":{"x":-38.83189392089844,"y":8.523016929626465,"z":0.4979133605957031},"rotation":{"x":-0.15364143252372743,"y":-0.05634767562150955,"z":0.008889956399798394,"w":-0.986556887626648},"size":25.04015350341797,"orthographic":false}