{"cameraMode":{"drawMode":0,"name":"Shaded","section":"Shading Mode"},"sceneLighting":false,"audioPlay":false,"sceneViewState":{"showFog":true,"showMaterialUpdate":false,"showSkybox":false,"showFlares":true,"showImageEffects":true,"showParticleSystems":true},"in2DMode":false,"pivot":{"x":343.91717529296877,"y":-59.968841552734378,"z":-84.39384460449219},"rotation":{"x":-0.0052942512556910519,"y":-0.9655571579933167,"z":0.2594459652900696,"w":-0.019713902845978738},"size":66.5783462524414,"orthographic":false}